Benchmark,NoOfNodes,NoOfEdges,NoOfParanthesis,seqlen,offlineAlgo(microsecs),dynamicAlgo(microsecs),ddlog(microsecs)
btree,1811,1757,801,1405,531.3135231316726,0.8939501779359431,172.43541708185055
check,5240,5267,2167,4213,1510.151910752433,0.9236885829575124,190.59698469024448
compiler,4189,4101,1646,3280,1203.5884146341464,0.9259146341463415,175.01100701219514
Benchmark,NoOfNodes,NoOfEdges,NoOfParanthesis,seqlen,offlineAlgo(microsecs),dynamicAlgo(microsecs),ddlog(microsecs)
btree,1811,1757,801,1405,552.2768683274021,0.9395017793594306,200.07054982206407
