Benchmark,NoOfNodes,NoOfEdges,NoOfParanthesis,seqlen,offlineAlgo(microsecs),dynamicAlgo(microsecs),ddlog(microsecs)
btree,1811,1757,801,1405,788.3309608540925,1.0277580071174377,214.47180106761567
check,5240,5267,2167,4213,2243.7099454070735,1.3402563493947306,221.95893757417517
compiler,4189,4101,1646,3280,1797.2103658536585,1.1492378048780487,212.3445082317073
