Benchmark,NoOfNodes,NoOfEdges,NoOfParanthesis,seqlen,offlineAlgo(microsecs),dynamicAlgo(microsecs),ddlog(microsecs)
btree,1811,1757,801,1405,659.9875444839857,1.302846975088968,190.24396832740211
check,5240,5267,2167,4213,1857.1599810111559,1.5868739615475909,193.6508359838595
compiler,4189,4101,1646,3280,1504.065548780488,1.3910060975609757,186.660999847561
